tourney_id,tourney_name,surface,draw_size,tourney_level,tourney_date,match_num,winner_id,winner_seed,winner_entry,winner_name,winner_hand,winner_ht,winner_ioc,winner_age,loser_id,loser_seed,loser_entry,loser_name,loser_hand,loser_ht,loser_ioc,loser_age,score,best_of,round,minutes,w_ace,w_df,w_svpt,w_1stIn,w_1stWon,w_2ndWon,w_SvGms,w_bpSaved,w_bpFaced,l_ace,l_df,l_svpt,l_1stIn,l_1stWon,l_2ndWon,l_SvGms,l_bpSaved,l_bpFaced,winner_rank,winner_rank_points,loser_rank,loser_rank_points
2004-1536,Madrid Masters,Hard,48,M,20041018,31,102434,14.0,,Vincent Spadea,R,183.0,USA,30.2,104745,,,Rafael Nadal,L,185.0,ESP,18.3,6-4 4-6 6-3,3,R32,151.0,1.0,4.0,88.0,44.0,30.0,24.0,15.0,3.0,7.0,0.0,4.0,102.0,74.0,46.0,11.0,14.0,11.0,16.0,23.0,1200.0,50.0,755.0
2004-301,Auckland,Hard,32,A,20040112,31,103103,,,Dominik Hrbaty,R,183.0,SVK,26.0,104745,,,Rafael Nadal,L,185.0,ESP,17.6,4-6 6-2 7-5,3,F,135.0,2.0,4.0,106.0,73.0,46.0,18.0,15.0,8.0,11.0,0.0,4.0,106.0,62.0,36.0,22.0,15.0,11.0,16.0,54.0,639.0,48.0,766.0
2004-316,Bastad,Clay,32,A,20040705,28,103292,2.0,,Gaston Gaudio,R,175.0,ARG,25.5,104745,,,Rafael Nadal,L,185.0,ESP,18.0,6-2 6-3,3,QF,78.0,2.0,2.0,49.0,27.0,19.0,8.0,8.0,1.0,4.0,0.0,0.0,49.0,35.0,13.0,4.0,9.0,5.0,12.0,11.0,1700.0,60.0,685.0
2004-321,Stuttgart,Clay,48,A,20040712,43,103970,11.0,,David Ferrer,R,175.0,ESP,22.2,104745,14.0,,Rafael Nadal,L,185.0,ESP,18.1,6-3 6-7(3) 7-5,3,QF,146.0,3.0,3.0,112.0,70.0,47.0,19.0,17.0,2.0,6.0,2.0,1.0,104.0,76.0,44.0,15.0,16.0,7.0,13.0,47.0,749.0,57.0,685.0
2004-325,Palermo,Clay,32,A,20040927,20,103133,,,Olivier Mutis,R,175.0,FRA,26.6,104745,6.0,,Rafael Nadal,L,185.0,ESP,18.3,6-3 6-3,3,R16,86.0,1.0,1.0,63.0,35.0,26.0,17.0,9.0,7.0,7.0,0.0,0.0,61.0,51.0,29.0,5.0,9.0,2.0,5.0,113.0,372.0,49.0,745.0
2004-375,Lyon,Carpet,32,A,20041004,11,103898,,Q,Julien Benneteau,R,185.0,FRA,22.7,104745,,,Rafael Nadal,L,185.0,ESP,18.3,6-3 6-0,3,R32,65.0,1.0,1.0,38.0,21.0,15.0,14.0,7.0,0.0,0.0,1.0,3.0,55.0,40.0,22.0,3.0,8.0,7.0,12.0,75.0,518.0,50.0,745.0
2004-403,Miami Masters,Hard,96,M,20040322,81,103602,21.0,,Fernando Gonzalez,R,183.0,CHI,23.6,104745,32.0,,Rafael Nadal,L,185.0,ESP,17.8,7-6(1) 4-6 6-2,3,R16,130.0,8.0,5.0,95.0,61.0,48.0,15.0,15.0,5.0,8.0,1.0,3.0,98.0,70.0,44.0,14.0,15.0,7.0,11.0,22.0,1150.0,34.0,973.0
2004-404,Indian Wells Masters,Hard,96,M,20040308,78,102860,22.0,,Agustin Calleri,R,183.0,ARG,27.4,104745,,,Rafael Nadal,L,185.0,ESP,17.7,6-4 3-6 7-6(10),3,R32,158.0,8.0,3.0,98.0,52.0,39.0,23.0,15.0,2.0,6.0,0.0,0.0,118.0,85.0,50.0,21.0,16.0,12.0,16.0,23.0,1155.0,36.0,953.0
2004-421,Canada Masters,Hard,64,M,20040726,5,103720,9.0,,Lleyton Hewitt,R,180.0,AUS,23.4,104745,,,Rafael Nadal,L,185.0,ESP,18.1,1-6 6-4 6-2,3,R64,104.0,7.0,3.0,67.0,29.0,23.0,18.0,12.0,3.0,7.0,1.0,0.0,86.0,63.0,36.0,12.0,13.0,7.0,12.0,10.0,1990.0,62.0,664.0
2004-422,Cincinnati Masters,Hard,64,M,20040802,17,103428,17.0,,Juan Ignacio Chela,R,190.0,ARG,24.9,104745,,,Rafael Nadal,L,185.0,ESP,18.1,6-4 4-6 7-6(3),3,R64,137.0,11.0,1.0,95.0,68.0,54.0,15.0,16.0,4.0,6.0,2.0,3.0,98.0,68.0,49.0,16.0,16.0,7.0,9.0,16.0,1320.0,71.0,589.0
2004-468,Estoril,Clay,32,A,20040412,28,103789,,,Irakli Labadze,L,188.0,GEO,22.8,104745,,,Rafael Nadal,L,185.0,ESP,17.8,W/O,3,QF,,,,,,,,,,,,,,,,,,,,52.0,658.0,34.0,978.0
2004-495,Dubai,Hard,32,A,20040301,28,104022,,,Mikhail Youzhny,R,183.0,RUS,21.6,104745,,,Rafael Nadal,L,185.0,ESP,17.7,6-2 1-6 6-1,3,QF,95.0,4.0,4.0,65.0,34.0,26.0,13.0,11.0,4.0,7.0,0.0,1.0,62.0,39.0,20.0,14.0,11.0,5.0,10.0,57.0,625.0,40.0,887.0
2004-560,US Open,Hard,128,G,20040830,96,104053,2.0,,Andy Roddick,R,188.0,USA,22.0,104745,,,Rafael Nadal,L,185.0,ESP,18.2,6-0 6-3 6-4,5,R64,96.0,10.0,3.0,74.0,45.0,31.0,19.0,12.0,3.0,4.0,0.0,4.0,74.0,61.0,30.0,3.0,13.0,4.0,11.0,2.0,4520.0,49.0,745.0
2004-D008,Davis Cup WG R1: CZE vs ESP,Carpet,4,D,20040206,1,102562,,,Jiri Novak,R,190.0,CZE,28.8,104745,,,Rafael Nadal,L,185.0,ESP,17.6,7-6(2) 6-3 7-6(3),5,RR,,,,,,,,,,,,,,,,,,,,16.0,1545.0,40.0,917.0
2005-422,Cincinnati Masters,Hard,64,M,20050815,32,104607,,,Tomas Berdych,R,196.0,CZE,19.9,104745,2.0,,Rafael Nadal,L,185.0,ESP,19.2,6-7(4) 6-2 7-6(3),3,R64,177.0,11.0,3.0,124.0,65.0,53.0,28.0,16.0,10.0,12.0,4.0,6.0,111.0,59.0,41.0,28.0,16.0,2.0,6.0,36.0,1030.0,2.0,4355.0
2005-451,Doha,Hard,32,A,20050103,27,103344,6.0,,Ivan Ljubicic,R,193.0,CRO,25.7,104745,,,Rafael Nadal,L,185.0,ESP,18.5,6-2 6-7(3) 6-3,3,QF,152.0,9.0,3.0,98.0,63.0,48.0,18.0,15.0,7.0,8.0,2.0,3.0,80.0,50.0,35.0,20.0,14.0,2.0,6.0,22.0,1235.0,51.0,775.0
2005-500,Halle,Grass,32,A,20050606,5,102565,,WC,Alexander Waske,R,188.0,GER,30.1,104745,3.0,,Rafael Nadal,L,185.0,ESP,19.0,4-6 7-5 6-3,3,R32,111.0,12.0,8.0,96.0,57.0,48.0,20.0,16.0,7.0,8.0,2.0,3.0,78.0,56.0,45.0,11.0,15.0,1.0,3.0,147.0,302.0,3.0,3600.0
2005-506,Buenos Aires,Clay,32,A,20050207,28,103292,2.0,,Gaston Gaudio,R,175.0,ARG,26.1,104745,7.0,,Rafael Nadal,L,185.0,ESP,18.6,0-6 6-0 6-1,3,QF,103.0,6.0,1.0,65.0,37.0,22.0,17.0,10.0,6.0,9.0,3.0,2.0,74.0,52.0,28.0,8.0,9.0,12.0,17.0,8.0,2095.0,48.0,790.0
2005-560,US Open,Hard,128,G,20050829,112,103484,,WC,James Blake,R,185.0,USA,25.6,104745,2.0,,Rafael Nadal,L,185.0,ESP,19.2,6-4 4-6 6-3 6-1,5,R32,145.0,10.0,3.0,115.0,74.0,56.0,21.0,18.0,8.0,10.0,3.0,4.0,102.0,79.0,48.0,10.0,18.0,1.0,7.0,49.0,740.0,2.0,4320.0
2005-573,Valencia,Clay,32,A,20050404,27,104214,7.0,,Igor Andreev,R,185.0,RUS,21.7,104745,3.0,,Rafael Nadal,L,185.0,ESP,18.8,7-5 6-2,3,QF,100.0,0.0,0.0,63.0,34.0,23.0,13.0,10.0,6.0,9.0,1.0,3.0,70.0,48.0,26.0,8.0,10.0,7.0,13.0,47.0,809.0,17.0,1340.0
2005-580,Australian Open,Hard,128,G,20050117,118,103720,3.0,,Lleyton Hewitt,R,180.0,AUS,23.8,104745,,,Rafael Nadal,L,185.0,ESP,18.6,7-5 3-6 1-6 7-6(3) 6-2,5,R16,233.0,18.0,6.0,146.0,75.0,57.0,37.0,24.0,12.0,18.0,5.0,3.0,160.0,111.0,72.0,28.0,24.0,12.0,17.0,3.0,3590.0,56.0,715.0
2006-1536,Madrid Masters,Hard,48,M,20061016,44,104607,11.0,,Tomas Berdych,R,196.0,CZE,21.0,104745,2.0,,Rafael Nadal,L,185.0,ESP,20.3,6-3 7-6(6),3,QF,107.0,9.0,4.0,78.0,47.0,35.0,17.0,11.0,2.0,2.0,4.0,2.0,64.0,43.0,31.0,11.0,10.0,0.0,1.0,11.0,1860.0,2.0,4645.0
2006-311,Queen's Club,Grass,56,A,20060612,49,103720,8.0,,Lleyton Hewitt,R,180.0,AUS,25.2,104745,1.0,,Rafael Nadal,L,185.0,ESP,20.0,3-6 6-3 RET,3,QF,85.0,9.0,1.0,56.0,35.0,24.0,11.0,9.0,0.0,2.0,4.0,4.0,69.0,39.0,29.0,12.0,9.0,11.0,13.0,13.0,1690.0,2.0,4545.0
2006-404,Indian Wells Masters,Hard,96,M,20060306,94,103484,12.0,,James Blake,R,185.0,USA,26.1,104745,2.0,,Rafael Nadal,L,185.0,ESP,19.7,7-5 6-3,3,SF,91.0,3.0,1.0,67.0,41.0,29.0,16.0,11.0,5.0,6.0,2.0,3.0,62.0,41.0,28.0,8.0,10.0,4.0,7.0,14.0,1565.0,2.0,4665.0
2006-421,Canada Masters,Hard,64,M,20060807,56,104607,13.0,,Tomas Berdych,R,196.0,CZE,20.8,104745,2.0,,Rafael Nadal,L,185.0,ESP,20.1,6-1 3-6 6-2,3,R16,109.0,3.0,3.0,72.0,45.0,37.0,13.0,12.0,3.0,4.0,3.0,1.0,71.0,45.0,30.0,11.0,12.0,2.0,6.0,14.0,1600.0,2.0,4930.0
2006-422,Cincinnati Masters,Hard,64,M,20060814,60,103507,,,Juan Carlos Ferrero,R,183.0,ESP,26.5,104745,2.0,,Rafael Nadal,L,185.0,ESP,20.1,7-6(2) 7-6(3),3,QF,163.0,3.0,3.0,81.0,47.0,36.0,20.0,12.0,2.0,3.0,8.0,2.0,74.0,46.0,31.0,18.0,12.0,1.0,2.0,31.0,1015.0,2.0,4505.0
2006-429,Stockholm,Hard,32,A,20061009,17,104026,,WC,Joachim Johansson,R,198.0,SWE,24.2,104745,1.0,,Rafael Nadal,L,185.0,ESP,20.3,6-4 7-6(4),3,R16,112.0,17.0,4.0,84.0,49.0,37.0,19.0,11.0,6.0,7.0,3.0,0.0,59.0,33.0,26.0,17.0,11.0,1.0,3.0,690.0,27.0,2.0,4625.0
2006-496,Marseille,Hard,32,A,20060213,29,103096,,WC,Arnaud Clement,R,173.0,FRA,28.1,104745,1.0,,Rafael Nadal,L,185.0,ESP,19.6,2-6 6-3 7-5,3,SF,115.0,8.0,3.0,86.0,54.0,40.0,18.0,15.0,1.0,3.0,5.0,1.0,93.0,58.0,37.0,22.0,14.0,7.0,9.0,65.0,576.0,2.0,4615.0
2006-540,Wimbledon,Grass,128,G,20060626,127,103819,1.0,,Roger Federer,R,185.0,SUI,24.8,104745,2.0,,Rafael Nadal,L,185.0,ESP,20.0,6-0 7-6(5) 6-7(2) 6-3,5,F,178.0,13.0,1.0,119.0,83.0,64.0,20.0,20.0,1.0,3.0,9.0,3.0,127.0,94.0,64.0,14.0,19.0,4.0,10.0,1.0,7260.0,2.0,4545.0
2006-560,US Open,Hard,128,G,20060828,124,104022,,,Mikhail Youzhny,R,183.0,RUS,24.1,104745,2.0,,Rafael Nadal,L,185.0,ESP,20.2,6-3 5-7 7-6(5) 6-1,5,QF,195.0,7.0,3.0,128.0,84.0,61.0,29.0,21.0,9.0,11.0,1.0,1.0,123.0,78.0,52.0,22.0,19.0,5.0,9.0,54.0,745.0,2.0,4625.0
2006-605,Masters Cup,Hard,8,F,20061113,4,103819,,,Roger Federer,R,185.0,SUI,25.2,104745,,,Rafael Nadal,L,185.0,ESP,20.4,6-4 7-5,3,SF,113.0,7.0,4.0,60.0,37.0,32.0,10.0,11.0,1.0,2.0,0.0,2.0,80.0,55.0,33.0,14.0,11.0,8.0,11.0,1.0,7620.0,2.0,4270.0
2006-605,Masters Cup,Hard,8,F,20061113,13,103484,,,James Blake,R,185.0,USA,26.8,104745,,,Rafael Nadal,L,185.0,ESP,20.4,6-4 7-6(0),3,RR,103.0,10.0,2.0,64.0,38.0,26.0,12.0,11.0,4.0,8.0,1.0,3.0,75.0,51.0,26.0,13.0,11.0,8.0,13.0,8.0,2130.0,2.0,4270.0
2007-1536,Madrid Masters,Hard,48,M,20071015,44,103900,,,David Nalbandian,R,180.0,ARG,25.7,104745,2.0,,Rafael Nadal,L,185.0,ESP,21.3,6-1 6-2,3,QF,71.0,1.0,2.0,38.0,18.0,17.0,12.0,7.0,0.0,0.0,0.0,1.0,53.0,35.0,19.0,5.0,8.0,3.0,8.0,25.0,1160.0,2.0,5385.0
2007-311,Queen's Club,Grass,56,A,20070611,49,103917,,,Nicolas Mahut,R,190.0,FRA,25.3,104745,1.0,,Rafael Nadal,L,185.0,ESP,21.0,7-5 7-6(0),3,QF,115.0,11.0,7.0,83.0,51.0,39.0,17.0,12.0,7.0,8.0,2.0,4.0,80.0,49.0,36.0,14.0,12.0,3.0,5.0,106.0,390.0,2.0,5225.0
2007-352,Paris Masters,Hard,48,M,20071028,47,103900,,,David Nalbandian,R,180.0,ARG,25.8,104745,2.0,,Rafael Nadal,L,185.0,ESP,21.4,6-4 6-0,3,F,70.0,5.0,0.0,41.0,24.0,21.0,13.0,8.0,0.0,0.0,1.0,1.0,47.0,31.0,21.0,3.0,8.0,2.0,6.0,21.0,1375.0,2.0,5385.0
2007-414,Hamburg Masters,Clay,56,M,20070514,55,103819,1.0,,Roger Federer,R,185.0,SUI,25.7,104745,2.0,,Rafael Nadal,L,185.0,ESP,20.9,2-6 6-2 6-0,3,F,115.0,6.0,0.0,73.0,38.0,29.0,17.0,11.0,5.0,7.0,1.0,1.0,79.0,62.0,32.0,8.0,11.0,6.0,11.0,1.0,7015.0,2.0,4875.0
2007-495,Dubai,Hard,32,A,20070226,28,104022,,,Mikhail Youzhny,R,183.0,RUS,24.6,104745,2.0,,Rafael Nadal,L,185.0,ESP,20.7,7-6(5) 6-3,3,QF,114.0,11.0,1.0,72.0,43.0,33.0,18.0,11.0,2.0,3.0,2.0,3.0,73.0,41.0,26.0,21.0,10.0,4.0,6.0,18.0,1440.0,2.0,4705.0
2007-540,Wimbledon,Grass,128,G,20070625,127,103819,1.0,,Roger Federer,R,185.0,SUI,25.8,104745,2.0,,Rafael Nadal,L,185.0,ESP,21.0,7-6(7) 4-6 7-6(3) 2-6 6-2,5,F,225.0,24.0,3.0,156.0,111.0,79.0,28.0,25.0,7.0,11.0,1.0,2.0,167.0,118.0,81.0,28.0,25.0,5.0,8.0,1.0,7290.0,2.0,5225.0
2007-560,US Open,Hard,128,G,20070827,120,103970,15.0,,David Ferrer,R,175.0,ESP,25.4,104745,2.0,,Rafael Nadal,L,185.0,ESP,21.2,6-7(3) 6-4 7-6(4) 6-2,5,R16,206.0,5.0,2.0,124.0,83.0,58.0,25.0,21.0,2.0,6.0,2.0,7.0,139.0,97.0,63.0,18.0,21.0,7.0,14.0,15.0,1565.0,2.0,5485.0
2007-580,Australian Open,Hard,128,G,20070115,124,103602,10.0,,Fernando Gonzalez,R,183.0,CHI,26.4,104745,2.0,,Rafael Nadal,L,185.0,ESP,20.6,6-2 6-4 6-3,5,QF,125.0,10.0,0.0,83.0,55.0,40.0,17.0,13.0,3.0,3.0,1.0,2.0,79.0,56.0,39.0,8.0,14.0,3.0,8.0,9.0,2015.0,2.0,4525.0
2007-605,Masters Cup,Hard,8,F,20071112,2,103970,,,David Ferrer,R,175.0,ESP,25.6,104745,,,Rafael Nadal,L,185.0,ESP,21.4,4-6 6-4 6-3,3,RR,161.0,4.0,2.0,91.0,55.0,35.0,19.0,15.0,7.0,12.0,0.0,2.0,98.0,68.0,40.0,11.0,14.0,5.0,11.0,6.0,2250.0,2.0,5535.0
2007-891,Chennai,Hard,32,A,20070101,29,103598,3.0,,Xavier Malisse,R,185.0,BEL,26.4,104745,1.0,,Rafael Nadal,L,185.0,ESP,20.5,6-4 7-6(4),3,SF,127.0,7.0,1.0,91.0,62.0,41.0,19.0,11.0,7.0,7.0,2.0,0.0,67.0,43.0,33.0,14.0,11.0,4.0,5.0,37.0,910.0,2.0,4470.0
2008-1536,Madrid Masters,Hard,48,M,20081012,45,104468,,,Gilles Simon,R,183.0,FRA,23.7,104745,1.0,,Rafael Nadal,L,185.0,ESP,22.3,3-6 7-5 7-6(6),3,SF,203.0,3.0,3.0,147.0,90.0,57.0,28.0,17.0,17.0,22.0,2.0,1.0,102.0,63.0,41.0,23.0,16.0,4.0,8.0,16.0,1390.0,1.0,7000.0
2008-352,Paris Masters,Hard,48,M,20081026,41,103786,6.0,,Nikolay Davydenko,R,178.0,RUS,27.4,104745,1.0,,Rafael Nadal,L,185.0,ESP,22.4,6-1 RET,3,QF,48.0,0.0,0.0,27.0,14.0,9.0,8.0,3.0,3.0,3.0,0.0,1.0,33.0,19.0,10.0,4.0,4.0,5.0,8.0,6.0,2265.0,1.0,7100.0
2008-407,Rotterdam,Hard,32,A,20080218,17,104312,,,Andreas Seppi,R,190.0,ITA,23.9,104745,1.0,,Rafael Nadal,L,185.0,ESP,21.7,3-6 6-3 6-4,3,R16,135.0,8.0,4.0,82.0,53.0,39.0,15.0,14.0,7.0,10.0,1.0,2.0,78.0,53.0,35.0,13.0,14.0,4.0,8.0,42.0,734.0,2.0,5980.0
2008-416,Rome Masters,Clay,56,M,20080505,40,103507,,,Juan Carlos Ferrero,R,183.0,ESP,28.2,104745,2.0,,Rafael Nadal,L,185.0,ESP,21.9,7-5 6-1,3,R32,114.0,3.0,2.0,65.0,38.0,27.0,18.0,10.0,5.0,5.0,1.0,1.0,55.0,33.0,21.0,12.0,9.0,3.0,6.0,23.0,1240.0,2.0,5930.0
2008-495,Dubai,Hard,32,A,20080303,28,104053,6.0,,Andy Roddick,R,188.0,USA,25.5,104745,2.0,,Rafael Nadal,L,185.0,ESP,21.7,7-6(5) 6-2,3,QF,108.0,17.0,1.0,71.0,48.0,38.0,13.0,10.0,6.0,6.0,2.0,2.0,77.0,58.0,39.0,9.0,10.0,7.0,9.0,6.0,2140.0,2.0,5930.0
2008-560,US Open,Hard,128,G,20080825,125,104918,6.0,,Andy Murray,R,190.0,GBR,21.2,104745,1.0,,Rafael Nadal,L,185.0,ESP,22.2,6-2 7-6(5) 4-6 6-4,5,SF,211.0,21.0,3.0,108.0,70.0,55.0,24.0,20.0,1.0,3.0,7.0,2.0,167.0,120.0,71.0,26.0,20.0,16.0,20.0,6.0,2415.0,1.0,6700.0
2008-891,Chennai,Hard,32,A,20071231,31,104022,4.0,,Mikhail Youzhny,R,183.0,RUS,25.5,104745,1.0,,Rafael Nadal,L,185.0,ESP,21.5,6-0 6-1,3,F,57.0,9.0,0.0,33.0,23.0,21.0,7.0,7.0,0.0,0.0,1.0,1.0,32.0,21.0,10.0,2.0,6.0,1.0,6.0,19.0,1570.0,2.0,5735.0
2009-1536,Madrid Masters,Clay,56,M,20090510,55,103819,2.0,,Roger Federer,R,185.0,SUI,27.7,104745,1.0,,Rafael Nadal,L,185.0,ESP,22.9,6-4 6-4,3,F,86.0,6.0,3.0,67.0,42.0,29.0,17.0,10.0,4.0,4.0,1.0,1.0,54.0,43.0,32.0,5.0,10.0,0.0,2.0,2.0,10170.0,1.0,15360.0
2009-403,Miami Masters,Hard,96,M,20090325,89,105223,6.0,,Juan Martin del Potro,R,198.0,ARG,20.4,104745,1.0,,Rafael Nadal,L,185.0,ESP,22.8,6-4 3-6 7-6(3),3,QF,180.0,8.0,4.0,97.0,58.0,41.0,18.0,15.0,4.0,8.0,8.0,2.0,103.0,65.0,45.0,18.0,16.0,9.0,13.0,7.0,4470.0,1.0,14990.0
2009-407,Rotterdam,Hard,32,A,20090209,31,104918,2.0,,Andy Murray,R,190.0,GBR,21.7,104745,1.0,,Rafael Nadal,L,185.0,ESP,22.6,6-3 4-6 6-0,3,F,111.0,11.0,4.0,74.0,36.0,29.0,15.0,13.0,3.0,7.0,2.0,3.0,66.0,33.0,18.0,11.0,12.0,5.0,12.0,4.0,7360.0,1.0,14260.0
2009-520,Roland Garros,Clay,128,G,20090525,113,104417,23.0,,Robin Soderling,R,193.0,SWE,24.7,104745,1.0,,Rafael Nadal,L,185.0,ESP,22.9,6-2 6-7(2) 6-4 7-6(2),5,R16,210.0,9.0,0.0,143.0,91.0,62.0,32.0,21.0,2.0,4.0,3.0,2.0,128.0,99.0,66.0,13.0,21.0,1.0,6.0,25.0,1775.0,1.0,14960.0
2009-605,Tour Finals,Hard,8,F,20091122,10,104417,,,Robin Soderling,R,193.0,SWE,25.2,104745,,,Rafael Nadal,L,185.0,ESP,23.4,6-4 6-4,3,RR,98.0,5.0,2.0,69.0,37.0,27.0,17.0,10.0,2.0,4.0,5.0,1.0,58.0,34.0,21.0,13.0,10.0,3.0,7.0,9.0,3010.0,2.0,9205.0
2009-605,Tour Finals,Hard,8,F,20091122,15,103786,,,Nikolay Davydenko,R,178.0,RUS,28.4,104745,,,Rafael Nadal,L,185.0,ESP,23.4,6-1 7-6(4),3,RR,108.0,6.0,3.0,70.0,35.0,27.0,16.0,10.0,4.0,6.0,1.0,2.0,58.0,35.0,21.0,10.0,9.0,5.0,9.0,7.0,3630.0,2.0,9205.0
2009-747,Beijing,Hard,32,A,20091005,29,105227,8.0,,Marin Cilic,R,198.0,CRO,21.0,104745,1.0,,Rafael Nadal,L,185.0,ESP,23.3,6-1 6-3,3,SF,82.0,8.0,0.0,48.0,31.0,24.0,9.0,8.0,1.0,2.0,0.0,0.0,53.0,36.0,18.0,6.0,8.0,8.0,13.0,15.0,2195.0,2.0,8845.0
2010-451,Doha,Hard,32,A,20100104,31,103786,3.0,,Nikolay Davydenko,R,178.0,RUS,28.5,104745,2.0,,Rafael Nadal,L,185.0,ESP,23.5,0-6 7-6(8) 6-4,3,F,163.0,2.0,4.0,99.0,73.0,45.0,12.0,14.0,3.0,8.0,1.0,2.0,91.0,57.0,38.0,18.0,14.0,5.0,8.0,6.0,4930.0,2.0,9205.0
2010-580,Australian Open,Hard,128,G,20100118,124,104918,5.0,,Andy Murray,R,190.0,GBR,22.6,104745,2.0,,Rafael Nadal,L,185.0,ESP,23.6,6-3 7-6(2) 3-0 RET,5,QF,150.0,12.0,1.0,97.0,57.0,44.0,18.0,13.0,10.0,12.0,1.0,1.0,72.0,48.0,30.0,10.0,11.0,6.0,10.0,4.0,6780.0,2.0,9310.0
2010-404,Indian Wells Masters,Hard,96,M,20100311,94,103344,20.0,,Ivan Ljubicic,R,193.0,CRO,30.9,104745,3.0,,Rafael Nadal,L,185.0,ESP,23.7,3-6 6-4 7-6(1),3,SF,155.0,17.0,6.0,102.0,59.0,48.0,17.0,16.0,7.0,10.0,5.0,2.0,88.0,55.0,40.0,21.0,15.0,4.0,6.0,26.0,1520.0,3.0,7440.0
2010-311,Queen's Club,Grass,56,A,20100607,49,103852,8.0,,Feliciano Lopez,L,188.0,ESP,28.7,104745,1.0,,Rafael Nadal,L,185.0,ESP,24.0,7-6(5) 6-4,3,QF,111.0,12.0,1.0,85.0,49.0,40.0,16.0,11.0,5.0,7.0,3.0,2.0,58.0,41.0,31.0,10.0,11.0,0.0,3.0,31.0,1385.0,1.0,8700.0
2010-422,Cincinnati Masters,Hard,56,M,20100815,49,104571,,,Marcos Baghdatis,R,183.0,CYP,25.1,104745,1.0,,Rafael Nadal,L,185.0,ESP,24.2,6-4 4-6 6-4,3,QF,152.0,18.0,4.0,87.0,54.0,47.0,14.0,15.0,6.0,8.0,4.0,3.0,97.0,60.0,43.0,18.0,15.0,4.0,7.0,20.0,1780.0,1.0,10925.0
2010-1720,Bangkok,Hard,28,A,20100927,25,104198,,,Guillermo Garcia Lopez,R,188.0,ESP,27.3,104745,1.0,,Rafael Nadal,L,185.0,ESP,24.3,2-6 7-6(3) 6-3,3,SF,165.0,10.0,4.0,135.0,87.0,60.0,23.0,15.0,24.0,26.0,7.0,4.0,84.0,52.0,45.0,15.0,14.0,0.0,1.0,53.0,900.0,1.0,12025.0
2010-5014,Shanghai Masters,Hard,56,M,20101010,41,103781,13.0,,Jurgen Melzer,L,183.0,AUT,29.3,104745,1.0,,Rafael Nadal,L,185.0,ESP,24.3,6-1 3-6 6-3,3,R16,119.0,14.0,1.0,71.0,41.0,34.0,18.0,13.0,2.0,3.0,1.0,1.0,82.0,61.0,37.0,12.0,12.0,9.0,12.0,12.0,2560.0,1.0,12390.0
2010-605,Tour Finals,Hard,8,F,20101121,5,103819,,,Roger Federer,R,185.0,SUI,29.2,104745,,,Rafael Nadal,L,185.0,ESP,24.4,6-3 3-6 6-1,3,F,98.0,7.0,1.0,64.0,40.0,37.0,14.0,13.0,1.0,2.0,1.0,1.0,66.0,51.0,33.0,10.0,12.0,0.0,3.0,2.0,7645.0,1.0,11450.0
2011-451,Doha,Hard,32,A,20110103,29,103786,4.0,,Nikolay Davydenko,R,178.0,RUS,29.5,104745,1.0,,Rafael Nadal,L,185.0,ESP,24.5,6-3 6-2,3,SF,85.0,5.0,2.0,56.0,37.0,26.0,9.0,9.0,7.0,9.0,1.0,1.0,58.0,39.0,19.0,8.0,8.0,5.0,10.0,22.0,1655.0,1.0,12450.0
2011-580,Australian Open,Hard,128,G,20110117,121,103970,7.0,,David Ferrer,R,175.0,ESP,28.7,104745,1.0,,Rafael Nadal,L,185.0,ESP,24.6,6-4 6-2 6-3,5,QF,153.0,8.0,2.0,73.0,50.0,36.0,13.0,14.0,6.0,8.0,2.0,1.0,104.0,69.0,38.0,13.0,13.0,8.0,15.0,7.0,3895.0,1.0,12390.0
2011-311,Queen's Club,Grass,56,A,20110606,49,104542,5.0,,Jo-Wilfried Tsonga,R,188.0,FRA,26.1,104745,1.0,,Rafael Nadal,L,185.0,ESP,25.0,6-7(3) 6-4 6-1,3,QF,122.0,25.0,4.0,82.0,51.0,44.0,16.0,14.0,4.0,5.0,6.0,2.0,92.0,66.0,38.0,18.0,15.0,6.0,11.0,19.0,1480.0,1.0,12070.0
2011-421,Canada Masters,Hard,56,M,20110808,40,104471,,,Ivan Dodig,R,183.0,CRO,26.5,104745,2.0,,Rafael Nadal,L,185.0,ESP,25.1,1-6 7-6(5) 7-6(5),3,R32,189.0,19.0,3.0,116.0,67.0,46.0,23.0,15.0,6.0,11.0,7.0,2.0,107.0,56.0,42.0,28.0,16.0,1.0,4.0,41.0,1091.0,2.0,11770.0
2011-422,Cincinnati Masters,Hard,56,M,20110814,52,103888,7.0,,Mardy Fish,R,188.0,USA,29.6,104745,2.0,,Rafael Nadal,L,185.0,ESP,25.1,6-3 6-4,3,QF,100.0,12.0,2.0,62.0,33.0,27.0,18.0,10.0,4.0,4.0,1.0,2.0,63.0,47.0,30.0,7.0,9.0,2.0,4.0,7.0,3060.0,2.0,11420.0
2011-329,Tokyo,Hard,32,A,20111003,31,104918,2.0,,Andy Murray,R,190.0,GBR,24.3,104745,1.0,,Rafael Nadal,L,185.0,ESP,25.3,3-6 6-2 6-0,3,F,136.0,6.0,1.0,64.0,39.0,31.0,16.0,11.0,5.0,6.0,3.0,0.0,77.0,53.0,23.0,17.0,12.0,4.0,9.0,4.0,7415.0,2.0,10575.0
2011-5014,Shanghai Masters,Hard,56,M,20111009,41,104252,15.0,,Florian Mayer,R,190.0,GER,28.0,104745,1.0,,Rafael Nadal,L,185.0,ESP,25.3,7-6(5) 6-3,3,R16,108.0,5.0,1.0,64.0,37.0,33.0,15.0,10.0,0.0,0.0,2.0,0.0,72.0,53.0,37.0,11.0,11.0,2.0,4.0,23.0,1645.0,2.0,10375.0
2011-605,Tour Finals,Hard,16,F,20111120,2,103819,,,Roger Federer,R,185.0,SUI,30.2,104745,,,Rafael Nadal,L,185.0,ESP,25.4,6-3 6-0,3,RR,61.0,6.0,1.0,40.0,27.0,23.0,9.0,8.0,0.0,0.0,1.0,0.0,41.0,30.0,14.0,5.0,7.0,2.0,6.0,4.0,6670.0,2.0,9375.0
2011-605,Tour Finals,Hard,16,F,20111120,3,104542,,,Jo-Wilfried Tsonga,R,188.0,FRA,26.5,104745,,,Rafael Nadal,L,185.0,ESP,25.4,7-6(2) 4-6 6-3,3,RR,162.0,11.0,6.0,93.0,51.0,43.0,20.0,15.0,5.0,7.0,2.0,1.0,97.0,63.0,44.0,16.0,16.0,3.0,6.0,6.0,3535.0,2.0,9375.0
2012-451,Doha,Hard,32,A,20120102,29,104792,4.0,,Gael Monfils,R,193.0,FRA,25.3,104745,1.0,,Rafael Nadal,L,185.0,ESP,25.5,6-3 6-4,3,SF,96.0,4.0,1.0,68.0,52.0,36.0,8.0,10.0,2.0,3.0,1.0,1.0,50.0,36.0,23.0,6.0,9.0,0.0,3.0,16.0,1910.0,2.0,9595.0
2012-404,Indian Wells Masters,Hard,96,M,20120308,94,103819,3.0,,Roger Federer,R,185.0,SUI,30.5,104745,2.0,,Rafael Nadal,L,185.0,ESP,25.7,6-3 6-4,3,SF,92.0,6.0,2.0,56.0,36.0,23.0,13.0,10.0,2.0,4.0,0.0,2.0,56.0,40.0,23.0,7.0,9.0,2.0,6.0,3.0,8710.0,2.0,10415.0
2012-403,Miami Masters,Hard,96,M,20120321,94,104918,4.0,,Andy Murray,R,190.0,GBR,24.8,104745,2.0,,Rafael Nadal,L,185.0,ESP,25.7, W/O,3,SF,,,,,,,,,,,,,,,,,,,,4.0,7450.0,2.0,10175.0
2012-1536,Madrid Masters,Clay,56,M,20120506,48,104269,15.0,,Fernando Verdasco,L,188.0,ESP,28.4,104745,2.0,,Rafael Nadal,L,185.0,ESP,25.9,6-3 3-6 7-5,3,R16,190.0,5.0,9.0,101.0,63.0,39.0,15.0,15.0,9.0,15.0,7.0,2.0,83.0,55.0,31.0,12.0,15.0,3.0,10.0,19.0,1675.0,2.0,9615.0
2012-540,Wimbledon,Grass,128,G,20120625,96,104586,,,Lukas Rosol,R,196.0,CZE,26.9,104745,2.0,,Rafael Nadal,L,185.0,ESP,26.0,6-7(9) 6-4 6-4 2-6 6-4,5,R64,198.0,22.0,3.0,137.0,92.0,76.0,26.0,25.0,1.0,4.0,19.0,2.0,139.0,93.0,73.0,29.0,25.0,4.0,8.0,100.0,553.0,2.0,10060.0
2013-505,Santiago,Clay,28,A,20130204,27,104547,,,Horacio Zeballos,L,188.0,ARG,27.7,104745,1.0,,Rafael Nadal,L,185.0,ESP,26.6,6-7(2) 7-6(6) 6-4,3,F,167.0,12.0,0.0,96.0,58.0,45.0,27.0,17.0,2.0,3.0,4.0,1.0,106.0,77.0,57.0,18.0,17.0,5.0,7.0,73.0,708.0,5.0,5400.0
2013-540,Wimbledon,Grass,128,G,20130624,33,104327,,,Steve Darcis,R,178.0,BEL,29.2,104745,5.0,,Rafael Nadal,L,185.0,ESP,27.0,7-6(4) 7-6(8) 6-4,5,R128,175.0,13.0,2.0,121.0,72.0,53.0,28.0,17.0,5.0,7.0,6.0,3.0,119.0,80.0,52.0,21.0,17.0,8.0,11.0,135.0,418.0,5.0,6895.0
2013-5014,Shanghai Masters,Hard,56,M,20131007,54,105223,6.0,,Juan Martin del Potro,R,198.0,ARG,25.0,104745,2.0,,Rafael Nadal,L,185.0,ESP,27.3,6-2 6-4,3,SF,106.0,5.0,0.0,65.0,52.0,34.0,9.0,9.0,6.0,6.0,0.0,4.0,67.0,47.0,26.0,12.0,9.0,8.0,11.0,5.0,4925.0,1.0,11160.0
2013-352,Paris Masters,Hard,48,M,20131028,45,103970,3.0,,David Ferrer,R,175.0,ESP,31.5,104745,1.0,,Rafael Nadal,L,185.0,ESP,27.4,6-3 7-5,3,SF,98.0,3.0,3.0,73.0,50.0,36.0,13.0,11.0,6.0,7.0,1.0,0.0,59.0,41.0,28.0,7.0,10.0,5.0,8.0,3.0,6600.0,1.0,11670.0
2014-580,Australian Open,Hard,128,G,20140113,127,104527,8.0,,Stan Wawrinka,R,183.0,SUI,28.7,104745,1.0,,Rafael Nadal,L,185.0,ESP,27.6,6-3 6-2 3-6 6-3,5,F,141.0,19.0,2.0,96.0,53.0,46.0,22.0,18.0,4.0,6.0,1.0,3.0,108.0,84.0,50.0,10.0,17.0,10.0,15.0,8.0,3890.0,1.0,13130.0
2014-404,Indian Wells Masters,Hard,96,M,20140306,65,105238,28.0,,Alexandr Dolgopolov,R,180.0,UKR,25.3,104745,1.0,,Rafael Nadal,L,185.0,ESP,27.7,6-3 3-6 7-6(5),3,R32,139.0,11.0,3.0,96.0,39.0,30.0,27.0,15.0,2.0,6.0,2.0,1.0,87.0,55.0,39.0,17.0,15.0,1.0,5.0,31.0,1205.0,1.0,14085.0
2014-410,Monte Carlo Masters,Clay,56,M,20140413,49,103970,6.0,,David Ferrer,R,175.0,ESP,32.0,104745,1.0,,Rafael Nadal,L,185.0,ESP,27.8,7-6(1) 6-4,3,QF,134.0,1.0,1.0,90.0,55.0,33.0,20.0,11.0,7.0,10.0,1.0,2.0,80.0,49.0,29.0,14.0,11.0,6.0,10.0,6.0,4640.0,1.0,13730.0
2014-425,Barcelona,Clay,48,A,20140421,41,104597,6.0,,Nicolas Almagro,R,183.0,ESP,28.6,104745,1.0,,Rafael Nadal,L,185.0,ESP,27.8,2-6 7-6(5) 6-4,3,QF,167.0,4.0,2.0,121.0,65.0,43.0,25.0,15.0,13.0,18.0,2.0,4.0,91.0,61.0,43.0,14.0,15.0,3.0,7.0,20.0,1750.0,1.0,13310.0
2014-500,Halle,Grass,28,A,20140609,13,104460,,WC,Dustin Brown,R,196.0,GER,29.5,104745,1.0,,Rafael Nadal,L,185.0,ESP,28.0,6-4 6-1,3,R16,60.0,11.0,5.0,51.0,31.0,26.0,12.0,9.0,1.0,1.0,2.0,0.0,47.0,32.0,22.0,6.0,8.0,6.0,9.0,85.0,633.0,1.0,12500.0
2014-540,Wimbledon,Grass,128,G,20140623,120,106401,,WC,Nick Kyrgios,R,193.0,AUS,19.1,104745,2.0,,Rafael Nadal,L,185.0,ESP,28.0,7-6(5) 5-7 7-6(5) 6-3,5,R16,178.0,37.0,4.0,144.0,98.0,81.0,25.0,23.0,2.0,3.0,11.0,3.0,137.0,100.0,77.0,22.0,22.0,3.0,4.0,144.0,400.0,1.0,12500.0
2014-5014,Shanghai Masters,Hard,56,M,20141005,40,103852,,,Feliciano Lopez,L,188.0,ESP,33.0,104745,2.0,,Rafael Nadal,L,185.0,ESP,28.3,6-3 7-6(6),3,R32,104.0,15.0,3.0,79.0,45.0,34.0,20.0,11.0,4.0,5.0,5.0,1.0,68.0,46.0,29.0,13.0,10.0,2.0,4.0,21.0,1745.0,2.0,8455.0
2014-328,Basel,Hard,32,A,20141020,28,106432,,WC,Borna Coric,R,188.0,CRO,17.9,104745,2.0,,Rafael Nadal,L,185.0,ESP,28.3,6-2 7-6(4),3,QF,101.0,6.0,2.0,74.0,36.0,29.0,20.0,10.0,3.0,4.0,1.0,0.0,60.0,44.0,30.0,7.0,10.0,2.0,5.0,124.0,447.0,3.0,8105.0
2015-580,Australian Open,Hard,128,G,20150119,123,104607,7.0,,Tomas Berdych,R,196.0,CZE,29.3,104745,3.0,,Rafael Nadal,L,185.0,ESP,28.6,6-2 6-0 7-6(5),5,QF,133.0,11.0,0.0,87.0,58.0,48.0,13.0,13.0,4.0,4.0,3.0,6.0,82.0,61.0,39.0,6.0,13.0,5.0,10.0,7.0,4660.0,3.0,6585.0
2015-6932,Rio de Janeiro,Clay,32,A,20150216,29,104926,4.0,,Fabio Fognini,R,178.0,ITA,27.7,104745,1.0,,Rafael Nadal,L,185.0,ESP,28.7,1-6 6-2 7-5,3,SF,138.0,2.0,5.0,86.0,56.0,38.0,14.0,13.0,5.0,9.0,0.0,6.0,91.0,56.0,36.0,15.0,14.0,4.0,9.0,28.0,1320.0,3.0,5745.0
2015-404,Indian Wells Masters,Hard,96,M,20150312,91,105683,6.0,,Milos Raonic,R,196.0,CAN,24.1,104745,3.0,,Rafael Nadal,L,185.0,ESP,28.7,4-6 7-6(10) 7-5,3,QF,178.0,19.0,6.0,119.0,73.0,59.0,22.0,17.0,6.0,7.0,7.0,1.0,103.0,66.0,54.0,24.0,17.0,3.0,4.0,6.0,4980.0,3.0,5675.0
2015-425,Barcelona,Clay,48,A,20150420,40,104926,13.0,,Fabio Fognini,R,178.0,ITA,27.9,104745,2.0,,Rafael Nadal,L,185.0,ESP,28.8,6-4 7-6(6),3,R16,121.0,1.0,1.0,87.0,47.0,33.0,20.0,11.0,11.0,14.0,1.0,0.0,71.0,50.0,29.0,11.0,11.0,4.0,8.0,30.0,1240.0,4.0,5435.0
2015-1536,Madrid Masters,Clay,56,M,20150503,55,104918,2.0,,Andy Murray,R,190.0,GBR,27.9,104745,3.0,,Rafael Nadal,L,185.0,ESP,28.9,6-3 6-2,3,F,89.0,3.0,1.0,52.0,31.0,21.0,17.0,9.0,3.0,3.0,1.0,1.0,47.0,34.0,23.0,6.0,8.0,3.0,6.0,3.0,6220.0,4.0,5390.0
2015-416,Rome Masters,Clay,56,M,20150510,51,104527,8.0,,Stan Wawrinka,R,183.0,SUI,30.1,104745,4.0,,Rafael Nadal,L,185.0,ESP,28.9,7-6(7) 6-2,3,QF,126.0,1.0,2.0,82.0,47.0,30.0,20.0,10.0,7.0,9.0,1.0,0.0,74.0,52.0,35.0,8.0,10.0,3.0,7.0,9.0,3575.0,7.0,4990.0
2015-540,Wimbledon,Grass,128,G,20150629,84,104460,,Q,Dustin Brown,R,196.0,GER,30.5,104745,10.0,,Rafael Nadal,L,185.0,ESP,29.0,7-5 3-6 6-4 6-4,5,R64,,13.0,5.0,119.0,79.0,61.0,21.0,21.0,2.0,5.0,9.0,3.0,130.0,93.0,64.0,17.0,20.0,7.0,11.0,102.0,509.0,10.0,3135.0
2015-421,Canada Masters,Hard,56,M,20150810,51,105453,4.0,,Kei Nishikori,R,178.0,JPN,25.6,104745,7.0,,Rafael Nadal,L,185.0,ESP,29.1,6-2 6-4,3,QF,,5.0,3.0,52.0,30.0,24.0,10.0,9.0,2.0,3.0,4.0,6.0,54.0,30.0,20.0,9.0,9.0,0.0,4.0,4.0,6025.0,9.0,3500.0
2015-422,Cincinnati Masters,Hard,56,M,20150816,47,103852,,,Feliciano Lopez,L,188.0,ESP,33.9,104745,8.0,,Rafael Nadal,L,185.0,ESP,29.2,5-7 6-4 7-6(3),3,R16,,14.0,4.0,99.0,53.0,39.0,28.0,17.0,8.0,11.0,5.0,4.0,96.0,65.0,49.0,17.0,17.0,3.0,6.0,23.0,1530.0,8.0,3680.0
2015-5014,Shanghai Masters,Hard,56,M,20151011,54,104542,16.0,,Jo-Wilfried Tsonga,R,188.0,FRA,30.4,104745,8.0,,Rafael Nadal,L,185.0,ESP,29.3,6-4 0-6 7-5,3,SF,,11.0,3.0,90.0,59.0,45.0,12.0,14.0,8.0,11.0,1.0,1.0,89.0,68.0,48.0,10.0,14.0,8.0,10.0,15.0,1990.0,7.0,4060.0
2015-328,Basel,Hard,32,A,20151026,31,103819,1.0,,Roger Federer,R,185.0,SUI,34.2,104745,3.0,,Rafael Nadal,L,185.0,ESP,29.3,6-3 5-7 6-3,3,F,123.0,12.0,2.0,90.0,61.0,46.0,17.0,15.0,2.0,3.0,0.0,3.0,90.0,61.0,40.0,18.0,15.0,4.0,7.0,3.0,7930.0,7.0,4330.0
2015-352,Paris Masters,Hard,48,M,20151102,42,104527,4.0,,Stan Wawrinka,R,183.0,SUI,30.5,104745,7.0,,Rafael Nadal,L,185.0,ESP,29.4,7-6(8) 7-6(7),3,QF,,11.0,1.0,90.0,54.0,44.0,18.0,12.0,6.0,8.0,2.0,2.0,92.0,63.0,42.0,18.0,12.0,3.0,5.0,4.0,6585.0,6.0,4630.0
2016-580,Australian Open,Hard,128,G,20160118,132,104269,,,Fernando Verdasco,L,188.0,ESP,32.1,104745,5.0,,Rafael Nadal,L,185.0,ESP,29.6,7-6(6) 4-6 3-6 7-6(4) 6-2,5,R128,281.0,20.0,10.0,192.0,118.0,85.0,33.0,27.0,10.0,16.0,7.0,6.0,170.0,108.0,75.0,31.0,26.0,10.0,15.0,45.0,900.0,5.0,5230.0
2016-0506,Buenos Aires,Clay,32,A,20160208,299,106233,5.0,,Dominic Thiem,R,185.0,AUT,22.4,104745,1.0,,Rafael Nadal,L,185.0,ESP,29.6,6-4 4-6 7-6(4),3,SF,170.0,9.0,1.0,112.0,74.0,50.0,23.0,16.0,4.0,7.0,2.0,3.0,107.0,75.0,53.0,15.0,16.0,5.0,8.0,19.0,1725.0,5.0,4880.0
2016-M052,Rio de Janeiro,Clay,32,A,20160215,299,104655,,,Pablo Cuevas,R,180.0,URU,30.1,104745,1.0,,Rafael Nadal,L,185.0,ESP,29.7,6-7(6) 7-6(3) 6-4,3,SF,148.0,11.0,4.0,114.0,70.0,53.0,26.0,17.0,10.0,12.0,3.0,2.0,130.0,82.0,52.0,27.0,17.0,7.0,10.0,45.0,895.0,5.0,4880.0
2016-M007,Miami Masters,Hard,128,M,20160321,253,106000,,,Damir Dzumhur,R,172.0,BIH,23.8,104745,5.0,,Rafael Nadal,L,185.0,ESP,29.7,2-6 6-4 3-0 RET,3,R64,110.0,4.0,5.0,77.0,51.0,36.0,10.0,10.0,10.0,13.0,2.0,2.0,60.0,36.0,22.0,14.0,11.0,0.0,4.0,94.0,588.0,5.0,4990.0
2016-M021,Madrid Masters,Clay,64,M,20160502,298,104918,2.0,,Andy Murray,R,190.0,GBR,28.9,104745,5.0,,Rafael Nadal,L,185.0,ESP,29.9,7-5 6-4,3,SF,131.0,8.0,1.0,90.0,49.0,34.0,19.0,11.0,11.0,13.0,1.0,0.0,62.0,50.0,31.0,4.0,11.0,2.0,6.0,2.0,7925.0,5.0,5915.0
2016-O16,Rio Olympics,Hard,64,A,20160808,163,105453,4.0,,Kei Nishikori,R,178.0,JPN,26.6,104745,3.0,,Rafael Nadal,L,185.0,ESP,30.1,6-2 6-7(1) 6-3,3,BR,169.0,7.0,2.0,89.0,52.0,36.0,24.0,15.0,3.0,5.0,5.0,1.0,106.0,82.0,49.0,11.0,14.0,8.0,13.0,7.0,4390.0,5.0,4940.0
2016-M024,Cincinnati Masters,Hard,64,M,20160815,288,106432,,,Borna Coric,R,188.0,CRO,19.7,104745,3.0,,Rafael Nadal,L,185.0,ESP,30.2,6-1 6-3,3,R16,72.0,8.0,1.0,44.0,30.0,25.0,7.0,8.0,2.0,3.0,1.0,5.0,49.0,33.0,21.0,2.0,8.0,3.0,8.0,49.0,935.0,5.0,4850.0
2016-560,US Open,Hard,128,G,20160829,214,106298,24.0,,Lucas Pouille,R,185.0,FRA,22.5,104745,4.0,,Rafael Nadal,L,185.0,ESP,30.2,6-1 2-6 6-4 3-6 7-6(6),5,R16,246.0,11.0,4.0,162.0,74.0,49.0,51.0,23.0,6.0,11.0,1.0,4.0,150.0,89.0,64.0,30.0,23.0,9.0,14.0,25.0,1481.0,5.0,4850.0
2016-5014,Shanghai Masters,Hard,64,M,20161010,281,104678,,,Viktor Troicki,R,193.0,SRB,30.6,104745,4.0,,Rafael Nadal,L,185.0,ESP,30.3,6-3 7-6(3),3,R32,94.0,11.0,2.0,57.0,35.0,32.0,12.0,10.0,0.0,0.0,1.0,0.0,72.0,51.0,30.0,15.0,11.0,3.0,5.0,31.0,1340.0,5.0,4730.0
2017-M020,Brisbane,Hard,32,A,20170102,297,105683,1.0,,Milos Raonic,R,196.0,CAN,26.0,104745,5.0,,Rafael Nadal,L,185.0,ESP,30.5,4-6 6-3 6-4,3,QF,140.0,23.0,3.0,97.0,62.0,50.0,16.0,15.0,6.0,7.0,4.0,0.0,84.0,61.0,39.0,14.0,14.0,2.0,4.0,3.0,5450.0,9.0,3300.0
2017-580,Australian Open,Hard,128,G,20170116,226,103819,17.0,,Roger Federer,R,185.0,SUI,35.4,104745,9.0,,Rafael Nadal,L,185.0,ESP,30.6,6-4 3-6 6-1 3-6 6-3,5,F,217.0,20.0,3.0,138.0,85.0,65.0,26.0,22.0,13.0,17.0,4.0,3.0,151.0,110.0,69.0,23.0,22.0,14.0,20.0,17.0,1980.0,9.0,3195.0
2017-M004,Acapulco,Hard,32,A,20170227,300,105023,,,Sam Querrey,R,198.0,USA,29.3,104745,2.0,,Rafael Nadal,L,185.0,ESP,30.7,6-3 7-6(3),3,F,94.0,19.0,2.0,75.0,48.0,39.0,17.0,11.0,6.0,6.0,1.0,2.0,61.0,42.0,30.0,12.0,10.0,1.0,2.0,40.0,1000.0,6.0,4115.0
2017-M006,Indian Wells Masters,Hard,128,M,20170306,287,103819,9.0,,Roger Federer,R,185.0,SUI,35.5,104745,5.0,,Rafael Nadal,L,185.0,ESP,30.7,6-2 6-3,3,R16,68.0,5.0,1.0,45.0,25.0,19.0,15.0,8.0,1.0,1.0,2.0,0.0,54.0,32.0,18.0,13.0,9.0,1.0,5.0,10.0,3305.0,6.0,4415.0
2017-M007,Miami Masters,Hard,128,M,20170320,300,103819,4.0,,Roger Federer,R,185.0,SUI,35.6,104745,5.0,,Rafael Nadal,L,185.0,ESP,30.7,6-3 6-4,3,F,94.0,5.0,1.0,62.0,39.0,34.0,11.0,10.0,4.0,4.0,4.0,1.0,65.0,41.0,27.0,12.0,9.0,7.0,9.0,6.0,4305.0,7.0,4145.0
2017-M009,Rome Masters,Clay,64,M,20170515,295,106233,8.0,,Dominic Thiem,R,185.0,AUT,23.6,104745,4.0,,Rafael Nadal,L,185.0,ESP,30.9,6-4 6-3,3,QF,111.0,2.0,2.0,67.0,41.0,28.0,15.0,9.0,6.0,7.0,1.0,0.0,70.0,53.0,29.0,9.0,10.0,4.0,8.0,7.0,4035.0,4.0,5195.0
2017-540,Wimbledon,Grass,128,G,20170703,214,104180,16.0,,Gilles Muller,L,193.0,LUX,34.1,104745,4.0,,Rafael Nadal,L,185.0,ESP,31.0,6-3 6-4 3-6 4-6 15-13,5,R16,288.0,30.0,10.0,212.0,133.0,106.0,38.0,33.0,14.0,16.0,23.0,2.0,177.0,119.0,95.0,35.0,33.0,5.0,8.0,26.0,1675.0,2.0,7285.0
2017-0421,Canada Masters,Hard,64,M,20170807,293,133430,,WC,Denis Shapovalov,L,185.0,CAN,18.3,104745,1.0,,Rafael Nadal,L,185.0,ESP,31.1,3-6 6-4 7-6(4),3,R16,165.0,9.0,7.0,120.0,72.0,48.0,28.0,15.0,9.0,11.0,2.0,6.0,105.0,60.0,46.0,25.0,16.0,4.0,6.0,143.0,394.0,2.0,7465.0
2017-M024,Cincinnati Masters,Hard,64,M,20170814,297,106401,,,Nick Kyrgios,R,193.0,AUS,22.2,104745,1.0,,Rafael Nadal,L,185.0,ESP,31.1,6-2 7-5,3,QF,80.0,10.0,5.0,56.0,35.0,30.0,11.0,10.0,2.0,3.0,4.0,2.0,56.0,36.0,25.0,6.0,10.0,3.0,7.0,23.0,1770.0,2.0,7555.0
2017-5014,Shanghai Masters,Hard,64,M,20171009,300,103819,2.0,,Roger Federer,R,185.0,SUI,36.1,104745,1.0,,Rafael Nadal,L,185.0,ESP,31.3,6-4 6-3,3,F,72.0,10.0,0.0,44.0,30.0,25.0,11.0,9.0,0.0,0.0,4.0,0.0,61.0,45.0,28.0,8.0,10.0,4.0,7.0,2.0,7505.0,1.0,9875.0
2017-0352,Paris Masters,Hard,64,M,20171030,297,105936,,Q,Filip Krajinovic,R,185.0,SRB,25.6,104745,1.0,,Rafael Nadal,L,185.0,ESP,31.4,W/O,3,QF,,,,,,,,,,,,,,,,,,,,77.0,681.0,1.0,10465.0
2017-9210,Laver Cup,Hard,8,A,20170922,108,104545,,,John Isner,R,206.0,USA,32.3,104745,,,Rafael Nadal,L,185.0,ESP,31.2,7-5 7-6(1),3,RR,,,,,,,,,,,,,,,,,,,,17.0,2425.0,1.0,9465.0
2018-560,US Open,Hard,128,G,20180827,224,105223,3.0,,Juan Martin del Potro,R,198.0,ARG,29.9,104745,1.0,,Rafael Nadal,L,185.0,ESP,32.2,7-6(3) 6-2 RET,5,SF,121.0,2.0,0.0,65.0,43.0,30.0,12.0,11.0,0.0,2.0,4.0,1.0,71.0,53.0,32.0,7.0,10.0,8.0,12.0,3.0,5500.0,1.0,10040.0
2019-M004,Acapulco,Hard,32,A,20190225,293,106401,,,Nick Kyrgios,R,193.0,AUS,23.8,104745,1.0,,Rafael Nadal,L,185.0,ESP,32.7,3-6 7-6(2) 7-6(6),3,R16,183.0,21.0,6.0,127.0,78.0,64.0,22.0,16.0,9.0,10.0,8.0,3.0,105.0,64.0,54.0,26.0,17.0,1.0,1.0,72.0,750.0,2.0,8320.0
2019-0410,Monte Carlo Masters,Clay,64,M,20190415,298,104926,13.0,,Fabio Fognini,R,178.0,ITA,31.8,104745,2.0,,Rafael Nadal,L,185.0,ESP,32.8,6-4 6-2,3,SF,96.0,1.0,1.0,50.0,24.0,15.0,14.0,9.0,1.0,4.0,0.0,2.0,59.0,41.0,18.0,7.0,9.0,4.0,10.0,18.0,1885.0,2.0,8725.0
2019-0425,Barcelona,Clay,64,A,20190422,299,106233,3.0,,Dominic Thiem,R,185.0,AUT,25.6,104745,1.0,,Rafael Nadal,L,185.0,ESP,32.8,6-4 6-4,3,SF,124.0,5.0,0.0,57.0,41.0,31.0,11.0,10.0,3.0,3.0,1.0,5.0,80.0,59.0,38.0,9.0,10.0,10.0,12.0,5.0,4675.0,2.0,8085.0
2019-540,Wimbledon,Grass,128,G,20190701,225,103819,2.0,,Roger Federer,R,185.0,SUI,37.8,104745,3.0,,Rafael Nadal,L,185.0,ESP,33.0,7-6(3) 1-6 6-3 6-4,5,SF,182.0,14.0,1.0,116.0,79.0,58.0,23.0,19.0,6.0,8.0,10.0,4.0,127.0,81.0,60.0,22.0,20.0,8.0,10.0,3.0,6620.0,2.0,7945.0
2019-0352,Paris Masters,Hard,64,M,20191028,298,133430,,,Denis Shapovalov,L,185.0,CAN,20.5,104745,2.0,,Rafael Nadal,L,185.0,ESP,33.4,W/O,3,SF,,,,,,,,,,,,,,,,,,,,28.0,1460.0,2.0,9225.0
2020-580,Australian Open,Hard,128,G,20200120,220,106233,5.0,,Dominic Thiem,R,185.0,AUT,26.3,104745,1.0,,Rafael Nadal,L,185.0,ESP,33.6,7-6(3) 7-6(4) 4-6 7-6(6),5,QF,250.0,14.0,4.0,140.0,83.0,65.0,28.0,23.0,5.0,9.0,11.0,3.0,151.0,105.0,72.0,24.0,23.0,5.0,8.0,5.0,5890.0,1.0,10235.0
2020-M009,Rome Masters,Clay,64,M,20200914,294,106043,8.0,,Diego Schwartzman,R,170.0,ARG,28.0,104745,2.0,,Rafael Nadal,L,185.0,ESP,34.2,6-2 7-5,3,QF,123.0,0.0,0.0,60.0,36.0,23.0,14.0,10.0,3.0,5.0,2.0,0.0,63.0,27.0,13.0,16.0,10.0,4.0,9.0,15.0,2265.0,2.0,9850.0
2020-0352,Paris Masters,Hard,64,M,20201102,299,100644,4.0,,Alexander Zverev,R,198.0,GER,23.5,104745,1.0,,Rafael Nadal,L,185.0,ESP,34.4,6-4 7-5,3,SF,99.0,13.0,1.0,60.0,43.0,34.0,9.0,11.0,2.0,3.0,5.0,0.0,68.0,46.0,29.0,12.0,11.0,5.0,8.0,7.0,5015.0,2.0,9850.0
2020-0605,Tour Finals,Hard,8,F,20201116,291,106233,3.0,,Dominic Thiem,R,185.0,AUT,27.2,104745,2.0,,Rafael Nadal,L,185.0,ESP,34.4,7-6(7) 7-6(4),3,RR,145.0,6.0,2.0,87.0,51.0,39.0,19.0,12.0,1.0,2.0,2.0,1.0,80.0,48.0,33.0,19.0,12.0,4.0,5.0,3.0,9125.0,2.0,9850.0
2021-0410,Monte Carlo Masters,Clay,64,M,20210412,295,126094,6.0,,Andrey Rublev,R,188.0,RUS,23.4,104745,3.0,,Rafael Nadal,L,185.0,ESP,34.8,6-2 4-6 6-2,3,QF,152.0,2.0,2.0,98.0,60.0,39.0,16.0,13.0,8.0,12.0,1.0,7.0,88.0,52.0,29.0,15.0,13.0,8.0,15.0,8.0,5400.0,3.0,9670.0
2021-0418,Washington,Hard,64,A,20210802,293,144750,14.0,,Lloyd Harris,R,193.0,RSA,24.4,104745,1.0,,Rafael Nadal,L,185.0,ESP,35.1,6-4 1-6 6-4,3,R16,130.0,16.0,3.0,81.0,51.0,39.0,13.0,13.0,4.0,6.0,8.0,2.0,81.0,52.0,41.0,13.0,14.0,1.0,3.0,50.0,1303.0,3.0,8270.0
2021-1536,Madrid Masters,Clay,64,M,20210503,297,100644,5.0,,Alexander Zverev,R,198.0,GER,24.0,104745,1.0,,Rafael Nadal,L,185.0,ESP,34.9,6-4 6-4,3,QF,104.0,4.0,5.0,55.0,34.0,28.0,9.0,10.0,1.0,2.0,0.0,3.0,66.0,42.0,26.0,12.0,10.0,3.0,6.0,6.0,6125.0,2.0,9810.0
2021-580,Australian Open,Hard,128,G,20210208,223,126774,5.0,,Stefanos Tsitsipas,R,193.0,GRE,22.4,104745,2.0,,Rafael Nadal,L,185.0,ESP,34.6,3-6 2-6 7-6(4) 6-4 7-5,5,QF,245.0,17.0,0.0,136.0,84.0,66.0,36.0,26.0,1.0,4.0,15.0,2.0,151.0,103.0,80.0,28.0,25.0,3.0,5.0,6.0,5965.0,2.0,9850.0
2022-0404,Indian Wells Masters,Hard,128,M,20220307,300,126203,20.0,,Taylor Fritz,R,193.0,USA,24.3,104745,4.0,,Rafael Nadal,L,185.0,ESP,35.7,6-3 7-6(5),3,F,126.0,1.0,3.0,76.0,49.0,34.0,13.0,10.0,8.0,10.0,2.0,3.0,78.0,52.0,29.0,14.0,11.0,5.0,9.0,20.0,2010.0,4.0,6515.0
2022-1536,Madrid Masters,Clay,64,M,20220502,296,207989,7.0,,Carlos Alcaraz,R,185.0,ESP,18.9,104745,3.0,,Rafael Nadal,L,185.0,ESP,35.9,6-2 1-6 6-3,3,QF,148.0,4.0,3.0,70.0,39.0,26.0,16.0,12.0,6.0,9.0,1.0,1.0,74.0,52.0,30.0,13.0,12.0,1.0,5.0,9.0,3818.0,4.0,6435.0
2022-0416,Rome Masters,Clay,64,M,20220509,291,133430,13.0,,Denis Shapovalov,L,185.0,CAN,23.0,104745,3.0,,Rafael Nadal,L,185.0,ESP,35.9,1-6 7-5 6-2,3,R16,157.0,13.0,3.0,93.0,63.0,40.0,13.0,13.0,7.0,11.0,2.0,4.0,90.0,65.0,36.0,14.0,14.0,8.0,13.0,16.0,2671.0,4.0,6435.0
2022-540,Wimbledon,Grass,128,G,20220627,225,106401,,,Nick Kyrgios,R,193.0,AUS,27.1,104745,2.0,,Rafael Nadal,L,185.0,ESP,36.0,W/O,5,SF,,,,,,,,,,,,,,,,,,,,40.0,1070.0,4.0,6525.0
2022-0422,Cincinnati Masters,Hard,64,M,20220815,270,106432,,PR,Borna Coric,R,188.0,CRO,25.7,104745,2.0,,Rafael Nadal,L,185.0,ESP,36.1,7-6(9) 4-6 6-3,3,R32,171.0,12.0,1.0,94.0,46.0,38.0,32.0,16.0,0.0,1.0,6.0,7.0,91.0,50.0,42.0,23.0,15.0,1.0,2.0,152.0,360.0,3.0,5620.0
2022-560,Us Open,Hard,128,G,20220829,219,126207,22.0,,Frances Tiafoe,R,188.0,USA,24.6,104745,2.0,,Rafael Nadal,L,185.0,ESP,36.2,6-4 4-6 6-4 6-3,5,R16,214.0,18.0,4.0,116.0,58.0,44.0,35.0,19.0,4.0,6.0,9.0,9.0,114.0,60.0,43.0,30.0,20.0,3.0,8.0,26.0,1400.0,3.0,5630.0
2022-0352,Paris Masters,Hard,64,M,20221031,270,126205,,,Tommy Paul,R,185.0,USA,25.4,104745,2.0,,Rafael Nadal,L,185.0,ESP,36.4,3-6 7-6(4) 6-1,3,R32,152.0,4.0,2.0,88.0,50.0,39.0,18.0,13.0,2.0,5.0,6.0,3.0,99.0,67.0,45.0,12.0,15.0,3.0,8.0,31.0,1330.0,2.0,5810.0
2022-0605,Tour Finals,Hard,8,F,20221114,296,200000,5.0,,Felix Auger Aliassime,R,193.0,CAN,22.2,104745,1.0,,Rafael Nadal,L,185.0,ESP,36.4,6-3 6-4,3,RR,117.0,15.0,2.0,68.0,48.0,39.0,8.0,10.0,5.0,5.0,1.0,4.0,61.0,36.0,26.0,12.0,9.0,2.0,4.0,6.0,3995.0,2.0,5820.0
2022-0605,Tour Finals,Hard,8,F,20221114,295,126203,8.0,,Taylor Fritz,R,193.0,USA,25.0,104745,1.0,,Rafael Nadal,L,185.0,ESP,36.4,7-6(3) 6-1,3,RR,97.0,8.0,1.0,58.0,40.0,32.0,14.0,10.0,0.0,0.0,7.0,4.0,69.0,49.0,37.0,8.0,9.0,7.0,9.0,9.0,2955.0,2.0,5820.0
2023-9900,United Cup,Hard,18,A,20230102,240,200282,7.0,,Alex De Minaur,R,183.0,AUS,23.8,104745,4.0,,Rafael Nadal,L,185.0,ESP,36.5,3-6 6-1 7-5,3,RR,162.0,3.0,6.0,100.0,62.0,39.0,19.0,14.0,8.0,12.0,2.0,4.0,92.0,56.0,34.0,16.0,14.0,7.0,13.0,24.0,1790.0,2.0,6020.0
2023-9900,United Cup,Hard,18,A,20230102,236,111815,15.0,,Cameron Norrie,L,188.0,GBR,27.3,104745,4.0,,Rafael Nadal,L,185.0,ESP,36.5,3-6 6-3 6-4,3,RR,164.0,6.0,2.0,88.0,57.0,42.0,18.0,14.0,5.0,6.0,10.0,4.0,95.0,55.0,40.0,21.0,14.0,9.0,11.0,14.0,2445.0,2.0,6020.0
2024-0339,Brisbane,Hard,32,A,20240101,295,111442,,,Jordan Thompson,R,183.0,AUS,29.7,104745,,WC,Rafael Nadal,L,185.0,ESP,37.5,5-7 7-6(6) 6-3,3,QF,206.0,8.0,3.0,109.0,67.0,51.0,20.0,17.0,6.0,8.0,7.0,2.0,108.0,79.0,58.0,13.0,16.0,1.0,3.0,55.0,902.0,672.0,45.0
2024-0425,Barcelona,Clay,64,A,20240415,281,200282,4,,Alex De Minaur,R,183.0,AUS,25.1,104745,,PR,Rafael Nadal,L,185.0,ESP,37.8,7-5 6-1,3,R32,112.0,2.0,3.0,54.0,28.0,21.0,17.0,9.0,2.0,3.0,0.0,1.0,73.0,50.0,29.0,8.0,10.0,4.0,9.0,11.0,3510.0,644.0,50.0
2024-0416,Rome Masters,Clay,128,M,20240506,245,128034,7,,Hubert Hurkacz,R,196.0,POL,27.2,104745,,PR,Rafael Nadal,L,185.0,ESP,37.9,6-1 6-3,3,R64,93.0,9.0,1.0,56.0,30.0,25.0,16.0,8.0,7.0,7.0,1.0,1.0,53.0,38.0,20.0,8.0,8.0,3.0,7.0,9.0,3730.0,305.0,175.0
